A01	905889	907889	993	2000	-	A01	905676	907995	0
A01	1071222	1073222	269	2000	+	A01	1067511	1068615	2608
A01	2094721	2096721	479	2000	+	A01	2096511	2099393	0
A01	2697432	2699432	228	2000	-	A01	2695373	2698036	0
A01	2697432	2699432	228	2000	-	A01	2698258	2702784	0
A01	3087263	3089263	381	2000	-	A01	3086670	3088259	0
A01	3219514	3221514	602	2000	+	A01	3217853	3220304	0
A01	3219514	3221514	602	2000	+	A01	3220304	3221223	0
A01	3343975	3345975	124	2000	+	A01	3340325	3346022	0
A01	3507121	3509121	403	2000	-	A01	3506244	3507003	119
A01	4207872	4209872	634	2000	-	A01	4208496	4210419	0
A01	5835266	5837266	310	2000	+	A01	5835767	5837942	0
A01	6033894	6035894	942	2000	+	A01	6030655	6034869	0
A01	7207049	7209049	672	2000	+	A01	7204990	7209920	0
A01	8807699	8809699	219	2000	+	A01	8809708	8810363	10
A01	8823971	8825971	961	2000	+	A01	8821671	8824633	0
A01	8823971	8825971	961	2000	+	A01	8825076	8825748	0
A01	9500871	9502871	6	2000	-	A01	9498290	9500876	0
A01	21887160	21889160	467	2000	-	A01	21886918	21887502	0
A01	22927387	22929387	95	2000	+	A01	22931660	22931978	2274
A01	25051173	25053173	923	2000	-	A01	25050610	25058642	0
A01	27190722	27192722	450	2000	+	A01	27146480	27150480	40243
A01	27348252	27350252	809	2000	-	A01	27343567	27345454	2799
A01	28334529	28336529	144	2000	-	A01	28272251	28273586	60944
A01	29344690	29346690	326	2000	-	A01	28272251	28273586	1071105
A01	29368999	29370999	718	2000	+	A01	28272251	28273586	1095414
A01	29605949	29607949	38	2000	+	A01	28272251	28273586	1332364
A01	30239264	30241264	765	2000	-	A01	32117239	32119408	1875976
A01	31249192	31251192	185	2000	+	A01	32117239	32119408	866048
A01	31340753	31342753	927	2000	+	A01	32117239	32119408	774487
A01	31362352	31364352	764	2000	-	A01	32117239	32119408	752888
A01	32094663	32096663	16	2000	+	A01	32117239	32119408	20577
A01	32565313	32567313	893	2000	-	A01	32565690	32565912	0
A02	1553334	1555334	624	2000	-	A02	1553743	1556157	0
A02	1960701	1962701	486	2000	+	A02	1960680	1963751	0
A02	3574838	3576838	181	2000	+	A02	3574041	3577224	0
A02	4836775	4838775	389	2000	-	A02	5160804	5161284	322030
A02	4940339	4942339	828	2000	-	A02	5160804	5161284	218466
A02	5841225	5843225	509	2000	-	A02	5839563	5844528	0
A02	9483086	9485086	921	2000	+	A02	9489191	9490211	4106
A02	11921471	11923471	384	2000	+	A02	11919632	11922514	0
A02	12584271	12586271	344	2000	-	A02	12583651	12585797	0
A02	13705679	13707679	348	2000	-	A02	13705252	13707498	0
A02	14544400	14546400	244	2000	+	A02	14566308	14566443	19909
A02	14562531	14564531	925	2000	-	A02	14566308	14566443	1778
A02	15719876	15721876	127	2000	-	A02	15724780	15728514	2905
A02	17159922	17161922	735	2000	-	A02	17160760	17170865	0
A02	18713682	18715682	501	2000	+	A02	18713861	18716025	0
A02	19223765	19225765	334	2000	-	A02	19251286	19252782	25522
A02	21379609	21381609	405	2000	-	A02	21380373	21381884	0
A02	21448086	21450086	650	2000	-	A02	21413237	21414601	33486
A02	23248576	23250576	669	2000	+	A02	23247557	23248606	0
A02	24433317	24435317	227	2000	-	A02	24433331	24436782	0
A02	24552843	24554843	391	2000	-	A02	24554452	24556171	0
A02	25513262	25515262	873	2000	-	A02	25506586	25507205	6058
A02	26021997	26023997	620	2000	-	A02	26011907	26012880	9118
A02	29068007	29070007	542	2000	+	A02	29080972	29081825	10966
A02	30753770	30755770	833	2000	+	A02	30753131	30755540	0
A02	33017771	33019771	530	2000	+	A02	33019411	33020487	0
A03	2140749	2142749	798	2000	-	A03	2135159	2143793	0
A03	2202447	2204447	877	2000	-	A03	2199123	2206235	0
A03	2462438	2464438	728	2000	-	A03	2461795	2470380	0
A03	4746044	4748044	603	2000	+	A03	4735596	4746301	0
A03	5452590	5454590	178	2000	-	A03	5450368	5452764	0
A03	5452590	5454590	178	2000	-	A03	5453604	5454159	0
A03	6213935	6215935	17	2000	+	A03	6210482	6210849	3087
A03	6234361	6236361	174	2000	-	A03	6233481	6236078	0
A03	7400806	7402806	512	2000	-	A03	7406707	7407695	3902
A03	10014906	10016906	525	2000	-	A03	10008268	10012447	2460
A03	10721332	10723332	633	2000	-	A03	10718829	10719363	1970
A03	12887465	12889465	61	2000	+	A03	12884618	12888265	0
A03	16164250	16166250	580	2000	-	A03	16163409	16166245	0
A03	17603419	17605419	945	2000	+	A03	17601991	17607438	0
A03	17904498	17906498	881	2000	-	A03	17902704	17904525	0
A03	18937626	18939626	255	2000	-	A03	18939120	18940332	0
A03	19412952	19414952	256	2000	+	A03	19414918	19416080	0
A03	19481687	19483687	313	2000	-	A03	19481735	19484994	0
A03	20556828	20558828	656	2000	-	A03	20551205	20554862	1967
A03	21148065	21150065	759	2000	+	A03	21144681	21146434	1632
A03	22654523	22656523	532	2000	+	A03	22659547	22660292	3025
A03	22805655	22807655	456	2000	-	A03	22801069	22803628	2028
A03	23002461	23004461	152	2000	+	A03	22997599	23003911	0
A03	24486541	24488541	199	2000	+	A03	24481359	24484203	2339
A03	25756239	25758239	742	2000	+	A03	25749701	25752304	3936
A03	26739360	26741360	205	2000	+	A03	26726284	26739413	0
A03	26739360	26741360	205	2000	+	A03	26739865	26741191	0
A03	26916173	26918173	233	2000	-	A03	26914655	26915812	362
A03	28816324	28818324	319	2000	-	A03	28816035	28817056	0
A03	30221530	30223530	889	2000	-	A03	30220443	30222932	0
A03	30221530	30223530	889	2000	-	A03	30223371	30226117	0
A03	30655663	30657663	709	2000	+	A03	30655066	30657085	0
A03	30952283	30954283	282	2000	-	A03	30952155	30953398	0
A03	39478595	39480595	241	2000	+	A03	39225983	39227313	251283
A04	1211198	1213198	704	2000	-	A04	1209955	1211895	0
A04	3961201	3963201	524	2000	+	A04	3955503	3955925	5277
A04	5828233	5830233	24	2000	+	A04	5831035	5832859	803
A04	6042166	6044166	844	2000	-	A04	6029614	6029893	12274
A04	8503481	8505481	752	2000	-	A04	8502954	8507689	0
A04	9239475	9241475	970	2000	-	A04	9243519	9245136	2045
A04	9319060	9321060	862	2000	-	A04	9324158	9325914	3099
A04	9502312	9504312	816	2000	+	A04	9501915	9503487	0
A04	10837267	10839267	705	2000	+	A04	10831711	10840044	0
A04	14024216	14026216	237	2000	-	A04	14016334	14024694	0
A04	14214195	14216195	996	2000	+	A04	14214334	14223133	0
A04	14678724	14680724	905	2000	-	A04	14683882	14686697	3159
A04	14786337	14788337	708	2000	-	A04	14787194	14787574	0
A04	15165660	15167660	497	2000	+	A04	15166858	15169383	0
A04	16503140	16505140	84	2000	-	A04	16500387	16500780	2361
A04	17223092	17225092	60	2000	-	A04	17225161	17225843	70
A04	18250798	18252798	62	2000	-	A04	18250459	18252225	0
A04	18250798	18252798	62	2000	-	A04	18252285	18253358	0
A04	19393103	19395103	312	2000	+	A04	19388051	19389050	4054
A04	19559540	19561540	462	2000	+	A04	19559274	19560934	0
A04	21437041	21439041	599	2000	+	A04	21435916	21437655	0
A04	22542817	22544817	554	2000	-	A04	22517978	22519222	23596
A04	22882393	22884393	646	2000	+	A04	22910690	22913728	26298
A05	300918	302918	76	2000	+	A05	298731	300587	332
A05	335786	337786	303	2000	-	A05	303414	304470	31317
A05	444040	446040	435	2000	-	A05	437679	440264	3777
A05	1071209	1073209	373	2000	+	A05	1071674	1074528	0
A05	1497514	1499514	261	2000	+	A05	1497828	1502035	0
A05	1548230	1550230	853	2000	-	A05	1547852	1550342	0
A05	1710144	1712144	793	2000	+	A05	1707642	1711371	0
A05	2274318	2276318	677	2000	-	A05	2277396	2279388	1079
A05	2796880	2798880	537	2000	-	A05	2797777	2800557	0
A05	3883329	3885329	325	2000	-	A05	3883378	3886373	0
A05	5036267	5038267	193	2000	-	A05	5030491	5033275	2993
A05	6450808	6452808	997	2000	-	A05	6453484	6456561	677
A05	7416457	7418457	259	2000	-	A05	7416879	7420381	0
A05	9589271	9591271	395	2000	+	A05	9583959	9585350	3922
A05	9933073	9935073	343	2000	+	A05	9933210	9934861	0
A05	29392812	29394812	242	2000	+	A05	29385715	29386696	6117
A05	30190125	30192125	209	2000	-	A05	30188797	30190304	0
A05	30190125	30192125	209	2000	-	A05	30190779	30191188	0
A05	33051950	33053950	265	2000	+	A05	33054367	33054601	418
A05	33719263	33721263	327	2000	+	A05	33718735	33719233	31
A05	34521018	34523018	194	2000	+	A05	34520875	34521393	0
A05	34521018	34523018	194	2000	+	A05	34522458	34523148	0
A05	35323485	35325485	459	2000	-	A05	35321200	35322402	1084
A05	38448596	38450596	955	2000	+	A05	38450319	38452188	0
A05	40458800	40460800	321	2000	-	A05	40474219	40474787	13420
A05	41204728	41206728	780	2000	+	A05	41208985	41212466	2258
A05	41608474	41610474	979	2000	+	A05	41609185	41610544	0
A06	387532	389532	495	2000	-	A06	391061	391415	1530
A06	1682914	1684914	868	2000	-	A06	1677734	1680686	2229
A06	3620823	3622823	40	2000	-	A06	3620151	3620964	0
A06	3620823	3622823	40	2000	-	A06	3621506	3623544	0
A06	5367921	5369921	982	2000	-	A06	5364573	5367386	536
A06	5562409	5564409	275	2000	-	A06	5567872	5571799	3464
A06	6075908	6077908	777	2000	-	A06	6075675	6077119	0
A06	6479844	6481844	316	2000	-	A06	6483993	6484792	2150
A06	6969751	6971751	428	2000	+	A06	6969546	6970579	0
A06	8112387	8114387	243	2000	-	A06	8113902	8115012	0
A06	9170513	9172513	791	2000	+	A06	9163860	9218738	0
A06	9170513	9172513	791	2000	+	A06	9168213	9175124	0
A06	9186477	9188477	222	2000	-	A06	9163860	9218738	0
A06	11256223	11258223	841	2000	-	A06	11254603	11257367	0
A06	11371484	11373484	339	2000	+	A06	11372952	11375179	0
A06	33866147	33868147	153	2000	+	A06	33877886	33880367	9740
A06	34563403	34565403	795	2000	-	A06	34565565	34566872	163
A06	34587588	34589588	418	2000	+	A06	34586312	34587850	0
A06	35923355	35925355	363	2000	+	A06	35921094	35921991	1365
A06	36831024	36833024	986	2000	-	A06	36832938	36836327	0
A06	37915309	37917309	786	2000	+	A06	37918603	37922313	1295
A06	39143162	39145162	500	2000	+	A06	39140199	39142422	741
A06	43176209	43178209	757	2000	-	A06	43176878	43178821	0
A06	44180389	44182389	782	2000	+	A06	44210538	44212948	28150
A06	44644094	44646094	235	2000	-	A06	44646666	44648889	573
A07	701763	703763	772	2000	+	A07	701646	706190	0
A07	1103599	1105599	574	2000	-	A07	1101812	1103083	517
A07	1578509	1580509	118	2000	+	A07	1579031	1579950	0
A07	8180155	8182155	383	2000	-	A07	8177651	8180240	0
A07	9405265	9407265	560	2000	-	A07	9406828	9411457	0
A07	9500586	9502586	449	2000	+	A07	9497987	9500183	404
A07	11240649	11242649	490	2000	+	A07	11240526	11244676	0
A07	12255178	12257178	98	2000	-	A07	12253448	12256089	0
A07	12756452	12758452	817	2000	-	A07	12754107	12756997	0
A07	15714518	15716518	706	2000	-	A07	15716106	15716753	0
A07	19673358	19675358	43	2000	-	A07	19672682	19674036	0
A07	19673358	19675358	43	2000	-	A07	19674466	19684950	0
A07	19708174	19710174	475	2000	-	A07	19710274	19710971	101
A07	20155222	20157222	340	2000	-	A07	20155456	20156055	0
A07	20155222	20157222	340	2000	-	A07	20156607	20160517	0
A07	21067966	21069966	616	2000	+	A07	21072035	21072410	2070
A07	21481977	21483977	625	2000	+	A07	21484342	21487898	366
A07	21727832	21729832	826	2000	+	A07	21728996	21729987	0
A07	22798560	22800560	307	2000	-	A07	22803003	22804045	2444
A07	23859156	23861156	545	2000	-	A07	23858346	23859851	0
A07	23859156	23861156	545	2000	-	A07	23859867	23861835	0
A07	24583084	24585084	807	2000	+	A07	24588406	24591046	3323
A07	25395285	25397285	658	2000	-	A07	25402694	25405853	5410
A07	25750163	25752163	888	2000	+	A07	25743986	25745230	4934
A07	26959625	26961625	337	2000	+	A07	26958784	26960370	0
A07	27537811	27539811	239	2000	-	A07	27540095	27540491	285
A07	28402822	28404822	675	2000	-	A07	28402994	28403807	0
A07	29195832	29197832	266	2000	+	A07	29196074	29200023	0
A07	29195832	29197832	266	2000	+	A07	29196573	29198350	0
A08	89435	91435	402	2000	+	A08	83496	83746	5690
A08	174815	176815	88	2000	-	A08	177139	179260	325
A08	2009809	2011809	419	2000	+	A08	2010075	2012378	0
A08	2153899	2155899	724	2000	+	A08	2157042	2159917	1144
A08	3902604	3904604	56	2000	+	A08	3892325	3893982	8623
A08	4161359	4163359	214	2000	+	A08	4151420	4152518	8842
A08	13131071	13133071	107	2000	-	A08	13135609	13136121	2539
A08	14546183	14548183	338	2000	+	A08	14543007	14545814	370
A08	15065330	15067330	800	2000	-	A08	15062848	15064608	723
A08	15165399	15167399	648	2000	-	A08	15156841	15165969	0
A08	15165399	15167399	648	2000	-	A08	15166891	15167293	0
A08	15405715	15407715	657	2000	+	A08	15401976	15404451	1265
A08	15787800	15789800	790	2000	-	A08	15786265	15788281	0
A08	16533107	16535107	67	2000	+	A08	16532255	16533852	0
A08	16533107	16535107	67	2000	+	A08	16534738	16536726	0
A08	16686419	16688419	311	2000	-	A08	16691530	16694169	3112
A08	17011695	17013695	75	2000	-	A08	17018704	17019637	5010
A08	17208458	17210458	854	2000	-	A08	17206143	17217350	0
A08	19223214	19225214	26	2000	+	A08	19224286	19225372	0
A08	20055926	20057926	4	2000	+	A08	20056618	20058190	0
A08	23738759	23740759	591	2000	+	A08	23736651	23739604	0
A08	23738759	23740759	591	2000	+	A08	23740433	23745170	0
A08	25433764	25435764	218	2000	+	A08	25434009	25435584	0
A08	26076791	26078791	958	2000	+	A08	26075317	26077594	0
A08	26077676	26079676	394	2000	+	A08	26078858	26083114	0
A09	663311	665311	604	2000	-	A09	663404	665040	0
A09	663311	665311	604	2000	-	A09	665210	667657	0
A09	690974	692974	903	2000	+	A09	690715	691479	0
A09	690974	692974	903	2000	+	A09	691339	692020	0
A09	690974	692974	903	2000	+	A09	692025	694654	0
A09	1310016	1312016	981	2000	+	A09	1310208	1315595	0
A09	1859524	1861524	895	2000	+	A09	1862579	1864445	1056
A09	2923086	2925086	998	2000	+	A09	2919214	2921757	1330
A09	4336044	4338044	703	2000	-	A09	4335021	4337297	0
A09	6552120	6554120	738	2000	+	A09	6547187	6548377	3744
A09	6718189	6720189	755	2000	-	A09	6717586	6719387	0
A09	7242270	7244270	167	2000	+	A09	7242043	7247041	0
A09	7582685	7584685	651	2000	+	A09	7581549	7583843	0
A09	10942075	10944075	847	2000	-	A09	10939832	10944300	0
A09	12992578	12994578	935	2000	+	A09	12987266	12996910	0
A09	13665090	13667090	288	2000	-	A09	13659866	13661952	3139
A09	13960594	13962594	122	2000	-	A09	13969531	13976296	6938
A09	14446428	14448428	744	2000	-	A09	14446685	14447104	0
A09	15593632	15595632	104	2000	+	A09	15593205	15596114	0
A09	16662940	16664940	20	2000	+	A09	16662708	16664982	0
A09	16884264	16886264	447	2000	-	A09	16886983	16888930	720
A09	16971124	16973124	953	2000	-	A09	16968163	16969227	1898
A09	17107148	17109148	392	2000	+	A09	17104284	17107346	0
A09	17579864	17581864	240	2000	+	A09	17579408	17583422	0
A09	17671009	17673009	201	2000	-	A09	17658829	17677246	0
A09	18899237	18901237	969	2000	+	A09	18891527	18893216	6022
A09	19217274	19219274	412	2000	-	A09	19211795	19212617	4658
A09	32992247	32994247	468	2000	-	A09	32991910	32992210	38
A09	34286908	34288908	430	2000	+	A09	34287722	34288281	0
A09	34597196	34599196	28	2000	-	A09	34596827	34598027	0
A09	35418195	35420195	612	2000	+	A09	35414995	35418638	0
A09	35418195	35420195	612	2000	+	A09	35419942	35423917	0
A09	35599035	35601035	667	2000	+	A09	35583892	35592841	6195
A09	36376293	36378293	866	2000	+	A09	36374137	36378471	0
A09	36506971	36508971	652	2000	+	A09	36514348	36515006	5378
A09	38158776	38160776	543	2000	+	A09	38159738	38160261	0
A09	38195220	38197220	601	2000	-	A09	38194971	38196562	0
A09	38416389	38418389	774	2000	-	A09	38415381	38428630	0
A09	42568690	42570690	694	2000	+	A09	42569819	42570351	0
A09	44888379	44890379	400	2000	+	A09	44884612	44885212	3168
A09	45267779	45269779	985	2000	-	A09	45265570	45269270	0
A09	46025446	46027446	171	2000	+	A09	46022189	46025990	0
A09	46742176	46744176	12	2000	+	A09	46740079	46744088	0
A09	48067174	48069174	959	2000	-	A09	48060650	48062137	5038
A09	48211621	48213621	135	2000	+	A09	48210504	48212424	0
A09	48406842	48408842	429	2000	+	A09	48410365	48412127	1524
A09	48612843	48614843	54	2000	+	A09	48615577	48617805	735
A09	52996561	52998561	342	2000	+	A09	52993225	52999359	0
A09	53282925	53284925	972	2000	+	A09	53282432	53284968	0
A09	53497834	53499834	763	2000	-	A09	53494634	53495156	2679
A10	604755	606755	538	2000	-	A10	607438	607952	684
A10	1346773	1348773	364	2000	+	A10	1350725	1351994	1953
A10	2487761	2489761	97	2000	-	A10	2486208	2486595	1167
A10	3069262	3071262	533	2000	+	A10	3073165	3073423	1904
A10	3357227	3359227	308	2000	-	A10	3365087	3367521	5861
A10	10998823	11000823	684	2000	-	A10	11000710	11005722	0
A10	11336543	11338543	441	2000	-	A10	11336901	11340515	0
A10	11777214	11779214	347	2000	-	A10	11780707	11782864	1494
A10	13752216	13754216	25	2000	+	A10	13753588	13754068	0
A10	14288261	14290261	103	2000	-	A10	14290419	14304027	159
A10	14856239	14858239	481	2000	+	A10	14853835	14856493	0
A10	15410478	15412478	812	2000	+	A10	15412576	15414200	99
A10	16563515	16565515	663	2000	-	A10	16566994	16569860	1480
A10	18410908	18412908	71	2000	+	A10	18412653	18414428	0
A10	19638915	19640915	210	2000	+	A10	19638008	19640048	0
A10	19638915	19640915	210	2000	+	A10	19640197	19645326	0
A10	19692638	19694638	848	2000	-	A10	19682178	19699033	0
C01	788553	790553	515	2000	-	C01	788299	788927	0
C01	1090250	1092250	926	2000	+	C01	1096021	1096960	3772
C01	1119929	1121929	571	2000	-	C01	1118773	1119136	794
C01	1538918	1540918	72	2000	-	C01	1539122	1540867	0
C01	1994410	1996410	770	2000	-	C01	1995125	1997386	0
C01	2122584	2124584	129	2000	-	C01	2120919	2123137	0
C01	3264675	3266675	208	2000	-	C01	3260835	3270381	0
C01	5044614	5046614	187	2000	-	C01	5042884	5046667	0
C01	5163136	5165136	811	2000	-	C01	5162561	5165666	0
C01	6605949	6607949	729	2000	-	C01	6601748	6620687	0
C01	8279862	8281862	356	2000	+	C01	8277996	8279206	657
C01	8511535	8513535	607	2000	+	C01	8513404	8516160	0
C01	11563838	11565838	410	2000	-	C01	11563154	11565497	0
C01	11789622	11791622	388	2000	-	C01	11786606	11786927	2696
C01	12549083	12551083	494	2000	+	C01	12545925	12547380	1704
C01	14155213	14157213	357	2000	+	C01	14151630	14158762	0
C01	16321929	16323929	221	2000	-	C01	16319895	16322549	0
C01	21060179	21062179	15	2000	+	C01	21043379	21044962	15218
C01	21151575	21153575	131	2000	-	C01	21172240	21176229	18666
C01	21781903	21783903	904	2000	-	C01	21779492	21783139	0
C01	22022343	22024343	306	2000	-	C01	22020008	22021872	472
C01	22510688	22512688	438	2000	-	C01	22499285	22504127	6562
C01	23036690	23038690	353	2000	+	C01	23030816	23038731	0
C01	23424065	23426065	746	2000	-	C01	23424048	23425631	0
C01	23424065	23426065	746	2000	-	C01	23425631	23427737	0
C01	23542248	23544248	963	2000	-	C01	23549845	23550616	5598
C01	25501131	25503131	200	2000	+	C01	25504915	25505259	1785
C01	26364305	26366305	513	2000	+	C01	26363153	26363527	779
C01	26926990	26928990	608	2000	-	C01	26920148	26920412	6579
C01	29774032	29776032	30	2000	+	C01	29769572	29775368	0
C01	30305613	30307613	990	2000	-	C01	30311323	30311758	3711
C01	30967866	30969866	584	2000	-	C01	30965538	30973556	0
C01	31587055	31589055	87	2000	-	C01	31586842	31587582	0
C01	32197355	32199355	666	2000	+	C01	32206004	32206573	6650
C01	34310109	34312109	869	2000	-	C01	34304753	34310886	0
C01	34310109	34312109	869	2000	-	C01	34311053	34312408	0
C01	34562263	34564263	681	2000	+	C01	34557400	34567046	0
C01	34745054	34747054	397	2000	+	C01	34744514	34748801	0
C01	35033688	35035688	874	2000	+	C01	35039337	35039838	3650
C01	36140364	36142364	11	2000	+	C01	36127204	36155400	0
C01	37001293	37003293	518	2000	-	C01	37003986	37004756	694
C01	37270290	37272290	645	2000	+	C01	37270303	37271754	0
C01	37325742	37327742	55	2000	-	C01	37307181	37308681	17062
C01	38303265	38305265	674	2000	+	C01	38306562	38306980	1298
C01	40639708	40641708	978	2000	-	C01	40649520	40649998	7813
C01	41785031	41787031	731	2000	+	C01	41785691	41787888	0
C01	41824268	41826268	278	2000	-	C01	41823792	41827204	0
C01	41955335	41957335	957	2000	+	C01	41958779	41962010	1445
C01	43620342	43622342	146	2000	+	C01	43623832	43626173	1491
C01	43771710	43773710	615	2000	+	C01	43770067	43771156	555
C01	44388121	44390121	750	2000	+	C01	44388208	44388688	0
C01	45277720	45279720	547	2000	-	C01	45282800	45284949	3081
C01	46101777	46103777	621	2000	-	C01	46102388	46102848	0
C02	1266404	1268404	432	2000	-	C02	1261596	1266598	0
C02	1266404	1268404	432	2000	-	C02	1267208	1270475	0
C02	1582872	1584872	143	2000	+	C02	1584573	1587848	0
C02	2200656	2202656	581	2000	+	C02	2197683	2199990	667
C02	2906688	2908688	890	2000	+	C02	2902753	2906734	0
C02	2906688	2908688	890	2000	+	C02	2907018	2912893	0
C02	2923669	2925669	628	2000	-	C02	2925591	2930485	0
C02	3637318	3639318	424	2000	+	C02	3640968	3644151	1651
C02	4242212	4244212	827	2000	+	C02	4240910	4244712	0
C02	5279290	5281290	695	2000	+	C02	5280843	5281261	0
C02	5279290	5281290	695	2000	+	C02	5281247	5283363	0
C02	5464731	5466731	421	2000	+	C02	5464650	5467188	0
C02	5910462	5912462	631	2000	-	C02	5907202	5914369	0
C02	6571982	6573982	451	2000	+	C02	6545071	6551195	20788
C02	9313700	9315700	382	2000	-	C02	9314978	9316719	0
C02	9789955	9791955	1000	2000	+	C02	9794196	9797849	2242
C02	9910181	9912181	605	2000	+	C02	9906089	9906482	3700
C02	13266900	13268900	840	2000	+	C02	13258031	13259486	7415
C02	13666324	13668324	834	2000	-	C02	13663212	13665272	1053
C02	15025104	15027104	166	2000	+	C02	15023838	15028408	0
C02	16397908	16399908	732	2000	-	C02	16399687	16400522	0
C02	16444744	16446744	317	2000	+	C02	16446747	16448228	4
C02	17519225	17521225	892	2000	+	C02	17510229	17510646	8580
C02	18881575	18883575	191	2000	-	C02	18882365	18882895	0
C02	19615239	19617239	100	2000	-	C02	19616232	19617103	0
C02	19791218	19793218	27	2000	+	C02	19789140	19790261	958
C02	21220354	21222354	915	2000	-	C02	21222406	21228085	53
C02	21665916	21667916	653	2000	-	C02	21668258	21669446	343
C02	22414864	22416864	647	2000	+	C02	22412321	22413019	1846
C02	22584161	22586161	585	2000	-	C02	22578054	22579393	4769
C02	23100109	23102109	411	2000	+	C02	23098850	23100737	0
C02	25318627	25320627	286	2000	-	C02	25321879	25321981	1253
C02	26022722	26024722	910	2000	+	C02	26027624	26028262	2903
C02	27602590	27604590	196	2000	-	C02	27600909	27607234	0
C02	27736391	27738391	482	2000	+	C02	27738774	27739710	384
C02	28182367	28184367	960	2000	+	C02	28223142	28224125	38776
C02	29134400	29136400	207	2000	-	C02	29132909	29133212	1189
C02	29388647	29390647	431	2000	-	C02	29387176	29388177	471
C02	29454014	29456014	106	2000	+	C02	29454766	29456936	0
C02	29511011	29513011	886	2000	-	C02	29520449	29520710	7439
C02	29796231	29798231	916	2000	+	C02	29791396	29798616	0
C02	30055162	30057162	696	2000	+	C02	30053959	30055683	0
C02	30521922	30523922	617	2000	+	C02	30531211	30531736	7290
C02	31651244	31653244	493	2000	+	C02	31651261	31654048	0
C02	31718829	31720829	531	2000	-	C02	31715818	31716730	2100
C02	33548703	33550703	413	2000	+	C02	33463127	33464699	84005
C02	33812493	33814493	741	2000	-	C02	33836909	33842321	22417
C02	34122165	34124165	676	2000	-	C02	34118616	34126463	0
C02	34598697	34600697	444	2000	-	C02	34592637	34636601	0
C02	34663879	34665879	304	2000	+	C02	34666417	34666630	539
C02	37840273	37842273	753	2000	-	C02	37889107	37889721	46835
C02	37941074	37943074	398	2000	+	C02	37910172	37913306	27769
C02	38246047	38248047	21	2000	-	C02	38240661	38241158	4890
C02	38477487	38479487	474	2000	-	C02	38454832	38455899	21589
C02	39287194	39289194	386	2000	-	C02	39048747	39050454	236741
C02	40599404	40601404	142	2000	-	C02	40535208	40536138	63267
C02	41231808	41233808	686	2000	-	C02	41308254	41310420	74447
C02	41668714	41670714	115	2000	+	C02	41674500	41675681	3787
C02	43216229	43218229	843	2000	-	C02	43210375	43238524	0
C02	44507197	44509197	487	2000	+	C02	44506530	44510185	0
C02	44823025	44825025	635	2000	-	C02	44823619	44824778	0
C02	44940034	44942034	469	2000	+	C02	44948996	44952439	6963
C02	45539158	45541158	136	2000	-	C02	45542714	45544549	1557
C02	45699704	45701704	885	2000	+	C02	45693084	45717196	0
C02	45803887	45805887	936	2000	-	C02	45811368	45814096	5482
C02	47188266	47190266	407	2000	-	C02	47184060	47189105	0
C02	48628527	48630527	762	2000	-	C02	48616737	48627997	531
C02	48633038	48635038	293	2000	-	C02	48616737	48627997	5042
C02	48966396	48968396	932	2000	-	C02	48953660	48953812	12585
C02	49681102	49683102	366	2000	+	C02	49696724	49699894	13623
C02	50075764	50077764	113	2000	-	C02	50047114	50048119	27646
C02	50894147	50896147	829	2000	-	C02	50894482	50896080	0
C02	51589149	51591149	492	2000	-	C02	51591705	51593497	557
C02	51915337	51917337	956	2000	-	C02	51911454	51911882	3456
C02	52142816	52144816	99	2000	+	C02	52140939	52144271	0
C02	52142816	52144816	99	2000	+	C02	52144421	52152551	0
C02	52292665	52294665	937	2000	+	C02	52292756	52293997	0
C02	52437158	52439158	204	2000	-	C02	52428130	52428579	8580
C02	56564493	56566493	600	2000	-	C02	56568729	56570348	2237
C02	59766249	59768249	964	2000	+	C02	59763031	59763604	2646
C02	60943191	60945191	583	2000	+	C02	60945331	60947509	141
C02	61979717	61981717	478	2000	-	C02	61980283	61981189	0
C02	61989345	61991345	83	2000	-	C02	61980283	61981189	8157
C03	482680	484680	53	2000	+	C03	480874	483611	0
C03	482680	484680	53	2000	+	C03	483969	484383	0
C03	574835	576835	309	2000	+	C03	573658	574450	386
C03	741558	743558	919	2000	-	C03	741190	741403	156
C03	910248	912248	375	2000	-	C03	907871	914004	0
C03	1051938	1053938	789	2000	+	C03	1050781	1053125	0
C03	1051938	1053938	789	2000	+	C03	1053595	1061236	0
C03	1359543	1361543	159	2000	-	C03	1360935	1364831	0
C03	2383090	2385090	48	2000	-	C03	2369222	2370378	12713
C03	2592823	2594823	575	2000	+	C03	2595696	2599503	874
C03	3407708	3409708	387	2000	+	C03	3406038	3409748	0
C03	4589873	4591873	850	2000	+	C03	4585449	4587731	2143
C03	4843093	4845093	415	2000	+	C03	4847351	4856084	2259
C03	5158261	5160261	39	2000	-	C03	5156396	5157738	524
C03	5626225	5628225	123	2000	+	C03	5626909	5628064	0
C03	5995314	5997314	203	2000	+	C03	5978764	5998434	0
C03	6861723	6863723	2	2000	+	C03	6861976	6864397	0
C03	6918260	6920260	114	2000	-	C03	6913572	6922898	0
C03	7018931	7020931	940	2000	-	C03	7018610	7026975	0
C03	8185518	8187518	81	2000	-	C03	8182218	8183709	1810
C03	9604728	9606728	944	2000	-	C03	9592028	9592927	11802
C03	9948385	9950385	784	2000	+	C03	9947895	9948939	0
C03	9996385	9998385	361	2000	-	C03	10000909	10002313	2525
C03	10551441	10553441	465	2000	+	C03	10548666	10554211	0
C03	11593339	11595339	830	2000	+	C03	11590481	11592748	592
C03	12386404	12388404	931	2000	-	C03	12387060	12388594	0
C03	13765637	13767637	137	2000	-	C03	13762520	13766417	0
C03	16757571	16759571	701	2000	+	C03	16767984	16769160	8414
C03	17432527	17434527	743	2000	-	C03	17436514	17439022	1988
C03	18552029	18554029	192	2000	+	C03	18554429	18558677	401
C03	18728371	18730371	988	2000	-	C03	18729595	18730822	0
C03	21500840	21502840	541	2000	+	C03	21500529	21502716	0
C03	22312743	22314743	85	2000	+	C03	22295963	22313775	0
C03	23298672	23300672	760	2000	-	C03	23296747	23298125	548
C03	23806258	23808258	773	2000	-	C03	23806278	23809107	0
C03	23979774	23981774	758	2000	+	C03	23983871	23984123	2098
C03	24445867	24447867	274	2000	-	C03	24440532	24442633	3235
C03	25426916	25428916	568	2000	+	C03	25425473	25426987	0
C03	25751768	25753768	883	2000	-	C03	25751042	25753195	0
C03	25751768	25753768	883	2000	-	C03	25753259	25755418	0
C03	27309183	27311183	212	2000	+	C03	27312649	27314426	1467
C03	27563601	27565601	63	2000	+	C03	27562129	27564868	0
C03	28519632	28521632	108	2000	-	C03	28521237	28522820	0
C03	28970181	28972181	613	2000	-	C03	28963596	28972115	0
C03	29635953	29637953	162	2000	-	C03	29634903	29639150	0
C03	29875491	29877491	267	2000	+	C03	29897150	29899604	19660
C03	31426566	31428566	305	2000	-	C03	31431762	31433161	3197
C03	32786904	32788904	592	2000	-	C03	32783592	32787065	0
C03	33338002	33340002	163	2000	-	C03	33329393	33333373	4630
C03	34473538	34475538	380	2000	+	C03	34467121	34474221	0
C03	36152602	36154602	799	2000	+	C03	36151762	36152298	305
C03	37225276	37227276	710	2000	-	C03	37234927	37235899	7652
C03	38616511	38618511	355	2000	+	C03	38612985	38617012	0
C03	38763375	38765375	968	2000	+	C03	38747794	38749887	13489
C03	38819852	38821852	522	2000	-	C03	38850013	38852292	28162
C03	39442731	39444731	470	2000	-	C03	39461647	39461923	16917
C03	39997816	39999816	528	2000	+	C03	39990719	39992273	5544
C03	40742103	40744103	761	2000	-	C03	40751030	40752287	6928
C03	41630099	41632099	336	2000	+	C03	41628153	41631547	0
C03	42961505	42963505	399	2000	-	C03	42959831	42962479	0
C03	43162740	43164740	273	2000	+	C03	43164292	43167763	0
C03	43992306	43994306	714	2000	+	C03	44065424	44069214	71119
C03	45021091	45023091	529	2000	+	C03	45026402	45027312	3312
C03	46607303	46609303	740	2000	+	C03	46676095	46676416	66793
C03	50963817	50965817	821	2000	-	C03	50960454	50961134	2684
C03	51294541	51296541	504	2000	+	C03	51281981	51282379	12163
C03	53443140	53445140	268	2000	-	C03	53448334	53452233	3195
C03	53845779	53847779	771	2000	+	C03	53846945	53847656	0
C03	54115083	54117083	552	2000	-	C03	54117582	54117983	500
C03	54155218	54157218	262	2000	-	C03	54160194	54163005	2977
C03	56152804	56154804	510	2000	+	C03	56153208	56153748	0
C03	56771975	56773975	973	2000	-	C03	56764048	56780508	0
C03	56881406	56883406	498	2000	+	C03	56879923	56880704	703
C03	58927864	58929864	226	2000	+	C03	58931495	58931957	1632
C03	59466181	59468181	559	2000	-	C03	59470025	59472211	1845
C03	62011626	62013626	365	2000	+	C03	62012823	62013632	0
C03	62328740	62330740	983	2000	+	C03	62329908	62331607	0
C03	64127418	64129418	643	2000	-	C03	64127648	64128185	0
C03	64624814	64626814	359	2000	-	C03	64623007	64625350	0
C03	64624814	64626814	359	2000	-	C03	64625843	64641807	0
C03	66772414	66774414	182	2000	+	C03	66764797	66767012	5403
C03	69494164	69496164	794	2000	+	C03	69487126	69488212	5953
C03	70311652	70313652	783	2000	-	C03	70313826	70316001	175
C03	70465538	70467538	909	2000	-	C03	70460960	70462675	2864
C03	70553576	70555576	711	2000	-	C03	70551373	70553696	0
C03	72517946	72519946	349	2000	+	C03	72517349	72517873	74
C03	73349621	73351621	277	2000	+	C03	73349186	73351297	0
C03	73349621	73351621	277	2000	+	C03	73351461	73353682	0
C03	73636949	73638949	260	2000	+	C03	73642850	73643584	3902
C04	163870	165870	938	2000	-	C04	244459	254077	78590
C04	829832	831832	943	2000	-	C04	818404	824161	5672
C04	2109055	2111055	815	2000	+	C04	2109591	2110427	0
C04	3539443	3541443	91	2000	-	C04	3494352	3496204	43240
C04	4698151	4700151	341	2000	-	C04	4692069	4694230	3922
C04	5538484	5540484	82	2000	-	C04	5537022	5538760	0
C04	5588472	5590472	766	2000	+	C04	5591149	5591317	678
C04	5658820	5660820	9	2000	+	C04	5664922	5667313	4103
C04	5766736	5768736	948	2000	+	C04	5766187	5767564	0
C04	6176026	6178026	320	2000	-	C04	6151497	6173457	2570
C04	6917876	6919876	302	2000	-	C04	6906234	6909820	8057
C04	8109753	8111753	668	2000	-	C04	8110792	8112569	0
C04	8438486	8440486	907	2000	+	C04	8439029	8440011	0
C04	8748121	8750121	300	2000	+	C04	8753424	8753586	3304
C04	10335600	10337600	698	2000	+	C04	10330476	10332957	2644
C04	11380261	11382261	562	2000	+	C04	11378317	11379299	963
C04	14136784	14138784	409	2000	-	C04	14138039	14139155	0
C04	14746573	14748573	130	2000	+	C04	14745917	14746151	423
C04	14777023	14779023	89	2000	+	C04	14775829	14777821	0
C04	15734105	15736105	480	2000	+	C04	15707897	15745964	0
C04	16015643	16017643	622	2000	-	C04	16024938	16025305	7296
C04	16519715	16521715	362	2000	+	C04	16520821	16524538	0
C04	17061984	17063984	768	2000	+	C04	17056523	17057047	4938
C04	17258870	17260870	280	2000	+	C04	17260152	17260533	0
C04	17296893	17298893	160	2000	+	C04	17295104	17295863	1031
C04	17407029	17409029	371	2000	+	C04	17416014	17417132	6986
C04	17615260	17617260	406	2000	-	C04	17621483	17623397	4224
C04	20252930	20254930	404	2000	-	C04	20250449	20298619	0
C04	28807994	28809994	900	2000	-	C04	28819638	28820008	9645
C04	29476826	29478826	928	2000	+	C04	29470415	29473152	3675
C04	30956255	30958255	901	2000	+	C04	30963187	30964542	4933
C04	31471931	31473931	779	2000	+	C04	31471694	31472330	0
C04	31471931	31473931	779	2000	+	C04	31473338	31474395	0
C04	31610959	31612959	279	2000	+	C04	31605311	31605984	4976
C04	32663063	32665063	42	2000	-	C04	32660957	32663881	0
C04	33311769	33313769	966	2000	+	C04	33310950	33312203	0
C04	33311769	33313769	966	2000	+	C04	33313026	33320202	0
C04	33329851	33331851	246	2000	+	C04	33333413	33334065	1563
C04	33536759	33538759	401	2000	-	C04	33525950	33538964	0
C04	33536759	33538759	401	2000	-	C04	33538704	33539704	0
C04	33925001	33927001	670	2000	-	C04	33925017	33925505	0
C04	34176253	34178253	818	2000	+	C04	34172342	34174000	2254
C04	34287892	34289892	454	2000	+	C04	34301781	34303404	11890
C04	34455316	34457316	186	2000	-	C04	34459348	34460384	2033
C04	35771053	35773053	385	2000	+	C04	35771289	35771653	0
C04	36254367	36256367	517	2000	+	C04	36253083	36256831	0
C04	36657080	36659080	683	2000	+	C04	36659081	36659435	2
C04	36902388	36904388	57	2000	-	C04	36902199	36904362	0
C04	37091156	37093156	627	2000	+	C04	37097229	37101163	4074
C04	37480750	37482750	754	2000	-	C04	37475234	37488229	0
C04	38502040	38504040	632	2000	-	C04	38510989	38515009	6950
C04	39716020	39718020	685	2000	+	C04	39719163	39719659	1144
C04	41744435	41746435	808	2000	+	C04	41743644	41748542	0
C04	41744435	41746435	808	2000	+	C04	41744520	41744978	0
C04	42253267	42255267	852	2000	-	C04	42258297	42258699	3031
C04	44802221	44804221	626	2000	-	C04	44814846	44817642	10626
C04	44812275	44814275	249	2000	+	C04	44814846	44817642	572
C04	50461783	50463783	727	2000	+	C04	50460756	50468934	0
C04	51949702	51951702	489	2000	+	C04	51948829	51953884	0
C04	51949702	51951702	489	2000	+	C04	51950174	51950653	0
C04	53996912	53998912	417	2000	-	C04	53999487	54001444	576
C04	54283212	54285212	553	2000	+	C04	54285796	54289141	585
C04	55766305	55768305	569	2000	+	C04	55759041	55759557	6749
C04	58551201	58553201	121	2000	-	C04	58560922	58562359	7722
C04	60032417	60034417	975	2000	+	C04	60030878	60031792	626
C04	60737125	60739125	149	2000	+	C04	60737867	60741279	0
C04	61001826	61003826	717	2000	-	C04	61002203	61004674	0
C04	61874759	61876759	664	2000	-	C04	61873741	61877550	0
C04	62752084	62754084	736	2000	-	C04	62753190	62771383	0
C04	64989255	64991255	588	2000	-	C04	64989814	64992007	0
C05	697777	699777	77	2000	-	C05	691643	695142	2636
C05	2272248	2274248	283	2000	-	C05	2274831	2276262	584
C05	4766559	4768559	514	2000	-	C05	4757751	4760943	5617
C05	5819270	5821270	570	2000	-	C05	5821568	5825037	299
C05	6097221	6099221	540	2000	-	C05	6093350	6094544	2678
C05	6412461	6414461	29	2000	-	C05	6413795	6419534	0
C05	7711295	7713295	499	2000	+	C05	7705911	7711972	0
C05	7897923	7899923	994	2000	+	C05	7894674	7898520	0
C05	7897923	7899923	994	2000	+	C05	7899142	7904849	0
C05	8954957	8956957	213	2000	-	C05	8954105	8958448	0
C05	10019298	10021298	577	2000	+	C05	10018687	10020352	0
C05	10488615	10490615	971	2000	+	C05	10481174	10483178	5438
C05	14208513	14210513	610	2000	-	C05	14211940	14213693	1428
C05	15212226	15214226	756	2000	-	C05	15223337	15224218	9112
C05	16644816	16646816	92	2000	+	C05	16644894	16645862	0
C05	17604834	17606834	440	2000	-	C05	17600863	17602715	2120
C05	19561329	19563329	814	2000	+	C05	19557121	19558407	2923
C05	19690405	19692405	649	2000	+	C05	19687840	19702193	0
C05	20207972	20209972	673	2000	-	C05	20204781	20205314	2659
C05	21063990	21065990	640	2000	-	C05	21075805	21077181	9816
C05	21339248	21341248	563	2000	-	C05	21329822	21330595	8654
C05	21349493	21351493	639	2000	+	C05	21366443	21375542	14951
C05	21364323	21366323	231	2000	+	C05	21366443	21375542	121
C05	29240042	29242042	370	2000	+	C05	29226489	29229562	10481
C05	30840415	30842415	690	2000	+	C05	30844666	30845743	2252
C05	30935100	30937100	250	2000	+	C05	30878358	30879303	55798
C05	31329607	31331607	476	2000	+	C05	31009974	31010148	319460
C05	33837742	33839742	112	2000	-	C05	33857028	33859611	17287
C05	34442580	34444580	662	2000	-	C05	34436814	34437471	5110
C05	35235295	35237295	534	2000	-	C05	35250678	35252585	13384
C05	35641909	35643909	941	2000	-	C05	35645144	35647437	1236
C05	35750218	35752218	884	2000	+	C05	35738184	35750128	91
C05	35895775	35897775	788	2000	+	C05	35900237	35901289	2463
C05	37514857	37516857	776	2000	+	C05	37493309	37494267	20591
C05	37611212	37613212	496	2000	+	C05	37615757	37616559	2546
C05	38102110	38104110	913	2000	+	C05	38087998	38089348	12763
C05	39001047	39003047	180	2000	+	C05	39005504	39008160	2458
C05	39663333	39665333	329	2000	+	C05	39661439	39663837	0
C05	39784423	39786423	19	2000	-	C05	39784323	39784965	0
C05	39784423	39786423	19	2000	-	C05	39786135	39786656	0
C05	40124750	40126750	882	2000	-	C05	40125929	40128317	0
C05	41908866	41910866	289	2000	-	C05	41906977	41908624	243
C05	42390044	42392044	437	2000	+	C05	42389260	42390313	0
C05	42390044	42392044	437	2000	+	C05	42390208	42392581	0
C05	44173377	44175377	503	2000	-	C05	44174160	44174752	0
C05	44207824	44209824	433	2000	-	C05	44211045	44212991	1222
C05	44500413	44502413	659	2000	-	C05	44501516	44502182	0
C05	44858863	44860863	354	2000	+	C05	44850708	44852623	6241
C05	45384976	45386976	636	2000	+	C05	45390280	45391351	3305
C05	47763609	47765609	946	2000	+	C05	47812798	47822427	47190
C05	48591972	48593972	416	2000	+	C05	48590085	48590371	1602
C05	49575970	49577970	291	2000	-	C05	49569811	49570075	5896
C05	51184194	51186194	281	2000	+	C05	51183036	51186915	0
C05	51337953	51339953	950	2000	+	C05	51335810	51338429	0
C05	51337953	51339953	950	2000	+	C05	51338903	51339775	0
C05	51601164	51603164	116	2000	+	C05	51598580	51620113	0
C05	52216505	52218505	917	2000	-	C05	52215001	52215422	1084
C05	52231210	52233210	379	2000	+	C05	52226479	52231798	0
C05	52777500	52779500	318	2000	+	C05	52776623	52779292	0
C05	52994342	52996342	737	2000	-	C05	52994071	52996515	0
C05	54201096	54203096	217	2000	+	C05	54204057	54206321	962
C05	55202834	55204834	464	2000	-	C05	55207315	55207687	2482
C05	55213282	55215282	630	2000	+	C05	55209339	55210682	2601
C05	55561232	55563232	195	2000	-	C05	55555573	55561879	0
C05	55561232	55563232	195	2000	-	C05	55561888	55562572	0
C05	55561232	55563232	195	2000	-	C05	55562998	55563783	0
C05	55606926	55608926	618	2000	+	C05	55604840	55610097	0
C05	55928808	55930808	172	2000	+	C05	55930668	55934482	0
C05	56333232	56335232	521	2000	-	C05	56329921	56333378	0
C05	56333232	56335232	521	2000	-	C05	56334002	56336190	0
C06	2879879	2881879	891	2000	-	C06	2898567	2898944	16689
C06	4720826	4722826	101	2000	-	C06	4723880	4725142	1055
C06	5928434	5930434	887	2000	-	C06	5923485	5924735	3700
C06	8674707	8676707	372	2000	-	C06	8657816	8658983	15725
C06	10262712	10264712	842	2000	-	C06	10261174	10283776	0
C06	10951090	10953090	414	2000	+	C06	10946573	10947442	3649
C06	11088116	11090116	323	2000	+	C06	11088519	11089966	0
C06	12356303	12358303	445	2000	-	C06	12357315	12363900	0
C06	12402331	12404331	722	2000	-	C06	12380346	12382598	19734
C06	12432481	12434481	879	2000	-	C06	12456909	12457125	22429
C06	12980484	12982484	270	2000	+	C06	12993192	12994971	10709
C06	16106055	16108055	860	2000	+	C06	16098206	16149654	0
C06	16853453	16855453	797	2000	+	C06	16814555	16816156	37298
C06	19444528	19446528	33	2000	+	C06	19433955	19452863	0
C06	20065457	20067457	3	2000	-	C06	20055721	20058233	7225
C06	20107027	20109027	952	2000	+	C06	20095597	20105503	1525
C06	20120590	20122590	369	2000	-	C06	20136588	20136756	13999
C06	20573063	20575063	220	2000	-	C06	20576370	20576629	1308
C06	21359270	21361270	330	2000	+	C06	21361293	21362686	24
C06	22254028	22256028	484	2000	-	C06	22255219	22259408	0
C06	22411276	22413276	110	2000	+	C06	22415029	22415518	1754
C06	22592485	22594485	725	2000	-	C06	22586457	22593142	0
C06	22592485	22594485	725	2000	-	C06	22593220	22593508	0
C06	23649360	23651360	50	2000	+	C06	23677254	23678204	25895
C06	24308643	24310643	168	2000	+	C06	24308724	24309509	0
C06	24308643	24310643	168	2000	+	C06	24310435	24311434	0
C06	24896904	24898904	390	2000	+	C06	24886895	24888472	8433
C06	25755979	25757979	96	2000	+	C06	25755984	25757556	0
C06	26390488	26392488	846	2000	-	C06	26391846	26392903	0
C06	27019390	27021390	561	2000	+	C06	27013432	27014643	4748
C06	27461140	27463140	230	2000	+	C06	27451120	27451527	9614
C06	29785813	29787813	47	2000	+	C06	29784257	29787208	0
C06	29927912	29929912	202	2000	-	C06	29930871	29932284	960
C06	30118399	30120399	360	2000	-	C06	30112204	30136057	0
C06	30405765	30407765	849	2000	-	C06	30403563	30405522	244
C06	32349484	32351484	911	2000	+	C06	32348267	32349692	0
C06	32349484	32351484	911	2000	+	C06	32350792	32353201	0
C06	32371426	32373426	576	2000	+	C06	32358718	32368929	2498
C06	32647327	32649327	739	2000	+	C06	32637393	32648209	0
C06	32647327	32649327	739	2000	+	C06	32648312	32654906	0
C06	32653928	32655928	859	2000	+	C06	32648312	32654906	0
C06	33503628	33505628	78	2000	+	C06	33508651	33524456	3024
C06	34506279	34508279	642	2000	-	C06	34505540	34506308	0
C06	34506279	34508279	642	2000	-	C06	34506402	34507371	0
C06	35185793	35187793	151	2000	+	C06	35184221	35184959	835
C06	35298869	35300869	751	2000	-	C06	35298954	35299155	0
C06	35587429	35589429	294	2000	-	C06	35586983	35588190	0
C06	35880438	35882438	332	2000	-	C06	35893519	35895241	11082
C06	37319509	37321509	688	2000	-	C06	37324230	37329634	2722
C06	37429726	37431726	506	2000	-	C06	37410082	37412466	17261
C06	37527040	37529040	173	2000	+	C06	37527197	37530310	0
C06	37641962	37643962	578	2000	-	C06	37650571	37655409	6610
C06	38655251	38657251	699	2000	-	C06	38646786	38649353	5899
C06	40408095	40410095	466	2000	+	C06	40408862	40413266	0
C06	40929854	40931854	857	2000	+	C06	40929788	40931753	0
C06	43367612	43369612	775	2000	+	C06	43368224	43368488	0
C06	44816572	44818572	726	2000	-	C06	44815063	44817177	0
C06	45918825	45920825	439	2000	+	C06	45921472	45926280	648
C06	46126705	46128705	86	2000	+	C06	46126151	46127213	0
C06	46126705	46128705	86	2000	+	C06	46128119	46128503	0
C06	46357576	46359576	702	2000	+	C06	46354241	46360933	0
C06	47294641	47296641	70	2000	-	C06	47298376	47300592	1736
C06	48528015	48530015	358	2000	-	C06	48532641	48540779	2627
C07	1008967	1010967	190	2000	-	C07	1009327	1011842	0
C07	3292547	3294547	586	2000	+	C07	3295770	3296049	1224
C07	3767151	3769151	822	2000	+	C07	3768565	3777337	0
C07	3767151	3769151	822	2000	+	C07	3768766	3769462	0
C07	4063054	4065054	452	2000	-	C07	4065950	4070206	897
C07	5060584	5062584	331	2000	-	C07	5065466	5071858	2883
C07	6003004	6005004	505	2000	+	C07	5976035	5977323	25682
C07	6666191	6668191	747	2000	+	C07	6662654	6664802	1390
C07	8666861	8668861	579	2000	-	C07	8670465	8671341	1605
C07	9034897	9036897	535	2000	-	C07	9042165	9042845	5269
C07	9270508	9272508	271	2000	-	C07	9273690	9276765	1183
C07	10097573	10099573	234	2000	-	C07	10098378	10100707	0
C07	10433400	10435400	839	2000	-	C07	10436278	10436470	879
C07	10725623	10727623	899	2000	-	C07	10704903	10705062	20562
C07	10775752	10777752	247	2000	-	C07	10833087	10833427	55336
C07	11345837	11347837	590	2000	-	C07	11354741	11358211	6905
C07	17006529	17008529	999	2000	+	C07	17006440	17007557	0
C07	17006529	17008529	999	2000	+	C07	17007367	17008773	0
C07	18256467	18258467	593	2000	+	C07	18337714	18338195	79248
C07	19442000	19444000	64	2000	-	C07	19438382	19439620	2381
C07	19532128	19534128	598	2000	+	C07	19537288	19537630	3161
C07	22811207	22813207	908	2000	+	C07	22811068	22812262	0
C07	24443843	24445843	864	2000	+	C07	24433941	24434747	9097
C07	25474001	25476001	264	2000	+	C07	25477128	25494779	1128
C07	26149226	26151226	119	2000	-	C07	26144825	26147393	1834
C07	27377857	27379857	954	2000	-	C07	27377002	27377988	0
C07	28254887	28256887	557	2000	-	C07	28256288	28256861	0
C07	29122005	29124005	693	2000	-	C07	29126879	29128968	2875
C07	31916185	31918185	778	2000	-	C07	31930245	31932023	12061
C07	32185742	32187742	252	2000	-	C07	32195856	32197035	8115
C07	33031855	33033855	548	2000	-	C07	33025439	33034102	0
C07	33031855	33033855	548	2000	-	C07	33033242	33035617	0
C07	33039814	33041814	13	2000	+	C07	33043150	33044744	1337
C07	33519055	33521055	120	2000	+	C07	33520019	33521822	0
C07	35726596	35728596	934	2000	+	C07	35725770	35727852	0
C07	35726596	35728596	934	2000	+	C07	35728459	35730559	0
C07	38045019	38047019	483	2000	-	C07	38058045	38060646	11027
C07	38154095	38156095	623	2000	+	C07	38151741	38152199	1897
C07	38864242	38866242	66	2000	+	C07	38857954	38860862	3381
C07	40654514	40656514	980	2000	+	C07	40662318	40662621	5805
C07	41974032	41976032	8	2000	+	C07	41976150	41976597	119
C07	42833178	42835178	442	2000	+	C07	42833918	42836200	0
C07	42962832	42964832	426	2000	+	C07	42957086	42958891	3942
C07	43666013	43668013	488	2000	+	C07	43660641	43661239	4775
C07	43673856	43675856	1	2000	-	C07	43674212	43681316	0
C07	44625292	44627292	272	2000	-	C07	44624994	44628304	0
C07	45353820	45355820	551	2000	+	C07	45348055	45362348	0
C07	45819576	45821576	188	2000	+	C07	45818278	45818934	643
C07	47163488	47165488	170	2000	+	C07	47164135	47166446	0
C07	47541279	47543279	682	2000	+	C07	47525532	47527025	14255
C07	48903356	48905356	947	2000	-	C07	48895778	48903771	0
C07	48986821	48988821	974	2000	-	C07	48981489	48983851	2971
C07	49102631	49104631	295	2000	+	C07	49108669	49109289	4039
C07	50283245	50285245	377	2000	+	C07	50282782	50285624	0
C07	50360862	50362862	660	2000	-	C07	50358653	50361102	0
C07	53935289	53937289	878	2000	-	C07	53930307	53935481	0
C07	54484211	54486211	443	2000	+	C07	54483173	54486001	0
C08	51788	53788	806	2000	+	C08	80902	81789	27115
C08	814970	816970	876	2000	-	C08	810863	813924	1047
C08	3206169	3208169	102	2000	-	C08	3207104	3207755	0
C08	3499040	3501040	44	2000	+	C08	3507920	3511344	6881
C08	4102696	4104696	258	2000	+	C08	4098849	4105740	0
C08	4635459	4637459	823	2000	-	C08	4622941	4624359	11101
C08	4969349	4971349	858	2000	+	C08	4962598	4986920	0
C08	5448857	5450857	155	2000	+	C08	5504549	5504753	53693
C08	6887194	6889194	408	2000	-	C08	6888167	6889768	0
C08	10673458	10675458	572	2000	+	C08	10676919	10679362	1462
C08	11322645	11324645	335	2000	-	C08	11322392	11325039	0
C08	11826707	11828707	473	2000	-	C08	11872290	11872509	43584
C08	13089644	13091644	730	2000	+	C08	14116146	14116980	1024503
C08	13609777	13611777	720	2000	-	C08	14116146	14116980	504370
C08	13762143	13764143	45	2000	-	C08	14116146	14116980	352004
C08	14227533	14229533	801	2000	+	C08	14224354	14225484	2050
C08	14272233	14274233	810	2000	-	C08	14263614	14264501	7733
C08	14298826	14300826	734	2000	-	C08	14293349	14294321	4506
C08	14556418	14558418	508	2000	+	C08	14557123	14559872	0
C08	14556783	14558783	544	2000	+	C08	14557123	14559872	0
C08	15985011	15987011	918	2000	+	C08	15978016	15993927	0
C08	17101072	17103072	595	2000	+	C08	17101550	17102513	0
C08	17101072	17103072	595	2000	+	C08	17102655	17105035	0
C08	17855049	17857049	597	2000	+	C08	17856152	17857169	0
C08	17994873	17996873	767	2000	-	C08	18004972	18018999	8100
C08	18587730	18589730	930	2000	-	C08	18589389	18590425	0
C08	18691402	18693402	836	2000	-	C08	18688922	18691187	216
C08	19125236	19127236	422	2000	+	C08	19124030	19125965	0
C08	19125236	19127236	422	2000	+	C08	19126660	19129441	0
C08	19881354	19883354	803	2000	+	C08	19878010	19880688	667
C08	21546556	21548556	296	2000	+	C08	21542707	21544025	2532
C08	22105098	22107098	427	2000	-	C08	22102902	22105837	0
C08	22105098	22107098	427	2000	-	C08	22105837	22106137	0
C08	22712374	22714374	671	2000	+	C08	22705699	22716062	0
C08	23228925	23230925	678	2000	-	C08	23228292	23231290	0
C08	23890947	23892947	933	2000	-	C08	23888550	23890504	444
C08	26142348	26144348	939	2000	+	C08	26145486	26145731	1139
C08	26154284	26156284	352	2000	-	C08	26159897	26160128	3614
C08	26448386	26450386	164	2000	+	C08	26445925	26448982	0
C08	26593225	26595225	238	2000	-	C08	26589231	26594045	0
C08	28252737	28254737	198	2000	+	C08	28253572	28254555	0
C08	28353345	28355345	368	2000	-	C08	28350664	28362278	0
C08	28556110	28558110	314	2000	-	C08	28558752	28566265	643
C08	28719651	28721651	420	2000	+	C08	28717973	28720753	0
C08	30052434	30054434	967	2000	+	C08	30050053	30054523	0
C08	31192288	31194288	654	2000	-	C08	31190124	31193153	0
C08	31192288	31194288	654	2000	-	C08	31193629	31196805	0
C08	31852451	31854451	785	2000	+	C08	31850275	31853300	0
C08	32520512	32522512	680	2000	+	C08	32521094	32526675	0
C08	33166023	33168023	333	2000	-	C08	33165918	33168270	0
C08	33425539	33427539	276	2000	+	C08	33424851	33426608	0
C08	34039366	34041366	872	2000	-	C08	34035603	34048134	0
C08	37565013	37567013	922	2000	+	C08	37563842	37565249	0
C08	37565013	37567013	922	2000	+	C08	37565783	37567062	0
C08	37985824	37987824	527	2000	+	C08	37987691	37990063	0
C08	38100509	38102509	870	2000	+	C08	38099253	38101647	0
C08	38100509	38102509	870	2000	+	C08	38102053	38104167	0
C08	38385447	38387447	263	2000	-	C08	38411883	38412564	24437
C08	39026031	39028031	460	2000	+	C08	39023435	39030685	0
C08	40618867	40620867	912	2000	-	C08	40621342	40622587	476
C09	237153	239153	924	2000	+	C09	238722	247509	0
C09	695858	697858	992	2000	+	C09	700518	700785	2661
C09	698492	700492	117	2000	+	C09	700518	700785	27
C09	829448	831448	423	2000	+	C09	830456	834313	0
C09	1549792	1551792	324	2000	+	C09	1545121	1547244	2549
C09	2985255	2987255	134	2000	-	C09	2970787	2977716	7540
C09	3150117	3152117	896	2000	+	C09	3148539	3150855	0
C09	3150117	3152117	896	2000	+	C09	3151904	3158828	0
C09	3454808	3456808	989	2000	+	C09	3454838	3454994	0
C09	3964962	3966962	315	2000	+	C09	3967956	3974531	995
C09	4056991	4058991	567	2000	-	C09	4066328	4067211	7338
C09	5130600	5132600	550	2000	+	C09	5133222	5135245	623
C09	5252130	5254130	987	2000	+	C09	5252493	5253543	0
C09	6419869	6421869	292	2000	-	C09	6420981	6422677	0
C09	7618733	7620733	546	2000	-	C09	7614155	7619278	0
C09	7618733	7620733	546	2000	-	C09	7619538	7620175	0
C09	7964397	7966397	58	2000	+	C09	7962723	7964345	53
C09	8793995	8795995	346	2000	-	C09	8791761	8792872	1124
C09	8841658	8843658	697	2000	+	C09	8839437	8841066	593
C09	8972011	8974011	867	2000	-	C09	8979640	8980575	5630
C09	8993637	8995637	606	2000	-	C09	8991939	8992230	1408
C09	9834582	9836582	141	2000	+	C09	9832594	9833935	648
C09	11141241	11143241	41	2000	+	C09	11139680	11142834	0
C09	11463625	11465625	719	2000	-	C09	11465207	11467415	0
C09	12868228	12870228	51	2000	-	C09	12863318	12869013	0
C09	12928281	12930281	802	2000	-	C09	12930871	12931722	591
C09	13100493	13102493	287	2000	-	C09	13099064	13102245	0
C09	13290613	13292613	977	2000	+	C09	13289795	13290591	23
C09	15934357	15936357	507	2000	-	C09	15932910	15933982	376
C09	15971639	15973639	471	2000	-	C09	15971782	15978143	0
C09	16405159	16407159	565	2000	-	C09	16400354	16402812	2348
C09	16891953	16893953	374	2000	-	C09	16896809	16897653	2857
C09	17535334	17537334	455	2000	+	C09	17505223	17582525	0
C09	18907709	18909709	223	2000	-	C09	18906102	18906987	723
C09	19037707	19039707	837	2000	-	C09	19036794	19039586	0
C09	19308842	19310842	558	2000	-	C09	19310263	19311052	0
C09	20286626	20288626	611	2000	+	C09	20286997	20294710	0
C09	20343609	20345609	111	2000	-	C09	20362034	20362502	16426
C09	21075982	21077982	35	2000	-	C09	21081724	21085187	3743
C09	21413030	21415030	10	2000	-	C09	21408645	21416621	0
C09	22146466	22148466	856	2000	+	C09	22148591	22149973	126
C09	22161987	22163987	245	2000	+	C09	22165125	22166054	1139
C09	23805023	23807023	69	2000	+	C09	23817773	23832736	10751
C09	24403513	24405513	156	2000	-	C09	24393776	24396147	7367
C09	24524749	24526749	838	2000	+	C09	24522202	24524373	377
C09	24873632	24875632	769	2000	+	C09	24874342	24875722	0
C09	25821177	25823177	665	2000	+	C09	25813998	25815802	5376
C09	26109291	26111291	712	2000	+	C09	26104777	26106205	3087
C09	26170153	26172153	835	2000	+	C09	26172394	26174944	242
C09	26403623	26405623	976	2000	+	C09	26413323	26416554	7701
C09	27672703	27674703	745	2000	-	C09	27669882	27670429	2275
C09	28302790	28304790	49	2000	+	C09	28293858	28297669	5122
C09	28913208	28915208	898	2000	+	C09	28881363	28881816	31393
C09	28923560	28925560	183	2000	-	C09	28881363	28881816	41745
C09	28925554	28927554	457	2000	-	C09	28881363	28881816	43739
C09	29697048	29699048	614	2000	+	C09	29718423	29719621	19376
C09	29720493	29722493	285	2000	-	C09	29718423	29719621	873
C09	35235678	35237678	733	2000	-	C09	35239974	35250069	2297
C09	36205712	36207712	875	2000	+	C09	36160228	36160662	45051
C09	38644702	38646702	65	2000	+	C09	38660549	38664087	13848
C09	38966716	38968716	105	2000	+	C09	38957773	38959079	7638
C09	39085993	39087993	215	2000	-	C09	39010776	39069341	16653
C09	39334331	39336331	248	2000	-	C09	39339347	39341869	3017
C09	40265610	40267610	520	2000	-	C09	40275464	40276266	7855
C09	40348239	40350239	31	2000	-	C09	40330446	40331968	16272
C09	40635639	40637639	128	2000	+	C09	40640883	40642740	3245
C09	41107761	41109761	594	2000	-	C09	41108751	41109204	0
C09	41107761	41109761	594	2000	-	C09	41109756	41112379	0
C09	41431566	41433566	619	2000	+	C09	41420408	41421500	10067
C09	41478983	41480983	523	2000	+	C09	41471466	41471766	7218
C09	41702296	41704296	169	2000	-	C09	41702313	41702752	0
C09	41702296	41704296	169	2000	-	C09	41703019	41703294	0
C09	43714337	43716337	148	2000	+	C09	43710982	43711654	2684
C09	44002136	44004136	68	2000	+	C09	44001412	44002766	0
C09	44269838	44271838	18	2000	-	C09	44272005	44273921	168
C09	45545720	45547720	301	2000	+	C09	45545130	45547151	0
C09	45811467	45813467	448	2000	-	C09	45831272	45832551	17806
C09	46771507	46773507	14	2000	+	C09	46766372	46789616	0
C09	46780113	46782113	641	2000	+	C09	46766372	46789616	0
C09	46819256	46821256	715	2000	+	C09	46821738	46824090	483
C09	46952349	46954349	176	2000	-	C09	46943027	46943688	8662
C09	49553276	49555276	516	2000	-	C09	49555034	49556151	0
C09	50164730	50166730	23	2000	+	C09	50155384	50160192	4539
C09	50350894	50352894	184	2000	-	C09	50352476	50356468	0
C09	53338999	53340999	236	2000	-	C09	53339892	53341000	0
C09	54064308	54066308	59	2000	+	C09	54063270	54067798	0
C09	54437181	54439181	32	2000	-	C09	54434438	54437612	0
C09	54437181	54439181	32	2000	-	C09	54438029	54440014	0
C09	56600054	56602054	855	2000	-	C09	56608298	56609549	6245
C09	57467331	57469331	446	2000	-	C09	57467133	57469924	0
C09	57476993	57478993	52	2000	-	C09	57480633	57483296	1641
C09	58138257	58140257	832	2000	+	C09	58134784	58135972	2286
C09	59044901	59046901	902	2000	+	C09	59042485	59043600	1302
C09	60175262	60177262	555	2000	-	C09	60173007	60173907	1356
C09	60298598	60300598	224	2000	+	C09	60293954	60298974	0
C09	60298598	60300598	224	2000	+	C09	60299418	60300596	0
C09	61483841	61485841	995	2000	+	C09	61485540	61488560	0
C09	61861822	61863822	367	2000	-	C09	61861986	61864811	0
C09	63354514	63356514	951	2000	+	C09	63352771	63354147	368
C09	64941696	64943696	796	2000	+	C09	64969582	64971721	25887
C09	65897621	65899621	284	2000	+	C09	65895334	65897910	0
